acc,loss
0.75935187326549491,0.82954508816060035
0.80859013644773359,0.46908266824445277
0.80825768963922295,0.46430629061726264
